dataset,frame,class,yaw_deg,object_points,hits,hit_ratio
kitti_mini,000008,Car,0,5127,5108,0.9963
kitti_mini,000008,Car,0.5,5104,5082,0.9957
kitti_mini,000008,Car,1,5071,5001,0.9862
kitti_mini,000008,Car,2,5008,4748,0.9481
kitti_mini,000008,Car,3,4943,4497,0.9098
kitti_mini,000011,Car,0,418,415,0.9928
kitti_mini,000011,Pedestrian,0,307,306,0.9967
kitti_mini,000011,Car,0.5,383,371,0.9687
kitti_mini,000011,Pedestrian,0.5,307,263,0.8567
kitti_mini,000011,Car,1,349,318,0.9112
kitti_mini,000011,Pedestrian,1,307,190,0.6189
kitti_mini,000011,Car,2,285,204,0.7158
kitti_mini,000011,Pedestrian,2,307,65,0.2117
kitti_mini,000011,Car,3,230,98,0.4261
kitti_mini,000011,Pedestrian,3,307,16,0.0521
kitti_mini,000049,Car,0,3456,3456,1.0
kitti_mini,000049,Van,0,340,340,1.0
kitti_mini,000049,Pedestrian,0,761,727,0.9553
kitti_mini,000049,Car,0.5,3455,3419,0.9896
kitti_mini,000049,Van,0.5,340,329,0.9676
kitti_mini,000049,Pedestrian,0.5,764,695,0.9097
kitti_mini,000049,Car,1,3448,3295,0.9556
kitti_mini,000049,Van,1,340,311,0.9147
kitti_mini,000049,Pedestrian,1,765,651,0.851
kitti_mini,000049,Car,2,3411,2998,0.8789
kitti_mini,000049,Van,2,340,268,0.7882
kitti_mini,000049,Pedestrian,2,765,561,0.7333
kitti_mini,000049,Car,3,3365,2659,0.7902
kitti_mini,000049,Van,3,340,227,0.6676
kitti_mini,000049,Pedestrian,3,765,436,0.5699
