dataset,frame,object_id,class,yaw_deg,distance_m,bbox_width_px,object_points,hits,hit_ratio
kitti_mini,000008,0,Car,0,4.56,402.31,1424,1412,0.9916
kitti_mini,000008,1,Car,0,7.95,289.65,1940,1940,1.0
kitti_mini,000008,2,Car,0,7.23,303.71,878,871,0.992
kitti_mini,000008,3,Car,0,14.48,123.31,668,668,1.0
kitti_mini,000008,4,Car,0,33.98,51.07,53,53,1.0
kitti_mini,000008,5,Car,0,21.69,71.89,164,164,1.0
kitti_mini,000008,0,Car,0.5,4.56,402.31,1381,1371,0.9928
kitti_mini,000008,1,Car,0.5,7.95,289.65,1940,1940,1.0
kitti_mini,000008,2,Car,0.5,7.23,303.71,898,893,0.9944
kitti_mini,000008,3,Car,0.5,14.48,123.31,668,668,1.0
kitti_mini,000008,4,Car,0.5,33.98,51.07,53,48,0.9057
kitti_mini,000008,5,Car,0.5,21.69,71.89,164,162,0.9878
kitti_mini,000008,0,Car,1,4.56,402.31,1338,1325,0.9903
kitti_mini,000008,1,Car,1,7.95,289.65,1940,1940,1.0
kitti_mini,000008,2,Car,1,7.23,303.71,908,899,0.9901
kitti_mini,000008,3,Car,1,14.48,123.31,668,655,0.9805
kitti_mini,000008,4,Car,1,33.98,51.07,53,40,0.7547
kitti_mini,000008,5,Car,1,21.69,71.89,164,142,0.8659
kitti_mini,000008,0,Car,2,4.56,402.31,1260,1244,0.9873
kitti_mini,000008,1,Car,2,7.95,289.65,1940,1928,0.9938
kitti_mini,000008,2,Car,2,7.23,303.71,923,883,0.9567
kitti_mini,000008,3,Car,2,14.48,123.31,668,577,0.8638
kitti_mini,000008,4,Car,2,33.98,51.07,53,17,0.3208
kitti_mini,000008,5,Car,2,21.69,71.89,164,99,0.6037
kitti_mini,000008,0,Car,3,4.56,402.31,1180,1173,0.9941
kitti_mini,000008,1,Car,3,7.95,289.65,1940,1894,0.9763
kitti_mini,000008,2,Car,3,7.23,303.71,938,878,0.936
kitti_mini,000008,3,Car,3,14.48,123.31,668,487,0.729
kitti_mini,000008,4,Car,3,33.98,51.07,53,3,0.0566
kitti_mini,000008,5,Car,3,21.69,71.89,164,62,0.378
kitti_mini,000011,0,Pedestrian,0,13.41,53.67,151,150,0.9934
kitti_mini,000011,1,Pedestrian,0,14.48,59.74,35,35,1.0
kitti_mini,000011,2,Car,0,27.1,60.66,208,208,1.0
kitti_mini,000011,3,Pedestrian,0,34.15,15.33,40,40,1.0
kitti_mini,000011,4,Car,0,6.58,85.92,210,207,0.9857
kitti_mini,000011,5,Pedestrian,0,17.81,27.67,81,81,1.0
kitti_mini,000011,0,Pedestrian,0.5,13.41,53.67,151,141,0.9338
kitti_mini,000011,1,Pedestrian,0.5,14.48,59.74,35,35,1.0
kitti_mini,000011,2,Car,0.5,27.1,60.66,208,199,0.9567
kitti_mini,000011,3,Pedestrian,0.5,34.15,15.33,40,21,0.525
kitti_mini,000011,4,Car,0.5,6.58,85.92,175,172,0.9829
kitti_mini,000011,5,Pedestrian,0.5,17.81,27.67,81,66,0.8148
kitti_mini,000011,0,Pedestrian,1,13.41,53.67,151,124,0.8212
kitti_mini,000011,1,Pedestrian,1,14.48,59.74,35,35,1.0
kitti_mini,000011,2,Car,1,27.1,60.66,208,178,0.8558
kitti_mini,000011,3,Pedestrian,1,34.15,15.33,40,3,0.075
kitti_mini,000011,4,Car,1,6.58,85.92,141,140,0.9929
kitti_mini,000011,5,Pedestrian,1,17.81,27.67,81,28,0.3457
kitti_mini,000011,0,Pedestrian,2,13.41,53.67,151,44,0.2914
kitti_mini,000011,1,Pedestrian,2,14.48,59.74,35,21,0.6
kitti_mini,000011,2,Car,2,27.1,60.66,208,127,0.6106
kitti_mini,000011,3,Pedestrian,2,34.15,15.33,40,0,0.0
kitti_mini,000011,4,Car,2,6.58,85.92,77,77,1.0
kitti_mini,000011,5,Pedestrian,2,17.81,27.67,81,0,0.0
kitti_mini,000011,0,Pedestrian,3,13.41,53.67,151,10,0.0662
kitti_mini,000011,1,Pedestrian,3,14.48,59.74,35,6,0.1714
kitti_mini,000011,2,Car,3,27.1,60.66,208,76,0.3654
kitti_mini,000011,3,Pedestrian,3,34.15,15.33,40,0,0.0
kitti_mini,000011,4,Car,3,6.58,85.92,22,22,1.0
kitti_mini,000011,5,Pedestrian,3,17.81,27.67,81,0,0.0
kitti_mini,000049,0,Car,0,21.55,61.81,206,206,1.0
kitti_mini,000049,1,Car,0,14.35,189.74,930,930,1.0
kitti_mini,000049,2,Car,0,22.29,104.68,140,140,1.0
kitti_mini,000049,3,Car,0,25.2,101.88,79,79,1.0
kitti_mini,000049,4,Car,0,32.78,82.52,18,18,1.0
kitti_mini,000049,5,Van,0,45.86,70.52,79,79,1.0
kitti_mini,000049,6,Pedestrian,0,5.46,144.34,719,690,0.9597
kitti_mini,000049,7,Car,0,10.4,259.17,571,571,1.0
kitti_mini,000049,8,Car,0,15.44,132.08,432,432,1.0
kitti_mini,000049,9,Car,0,20.64,96.61,198,198,1.0
kitti_mini,000049,10,Pedestrian,0,32.79,16.33,42,37,0.881
kitti_mini,000049,11,Car,0,33.25,105.51,74,74,1.0
kitti_mini,000049,12,Car,0,14.42,252.92,437,437,1.0
kitti_mini,000049,13,Car,0,19.02,147.85,312,312,1.0
kitti_mini,000049,14,Car,0,35.67,35.81,2,2,1.0
kitti_mini,000049,15,Car,0,23.2,91.56,8,8,1.0
kitti_mini,000049,16,Van,0,35.57,159.26,261,261,1.0
kitti_mini,000049,17,Car,0,22.38,111.64,49,49,1.0
kitti_mini,000049,0,Car,0.5,21.55,61.81,206,190,0.9223
kitti_mini,000049,1,Car,0.5,14.35,189.74,930,925,0.9946
kitti_mini,000049,2,Car,0.5,22.29,104.68,140,140,1.0
kitti_mini,000049,3,Car,0.5,25.2,101.88,79,79,1.0
kitti_mini,000049,4,Car,0.5,32.78,82.52,18,18,1.0
kitti_mini,000049,5,Van,0.5,45.86,70.52,79,79,1.0
kitti_mini,000049,6,Pedestrian,0.5,5.46,144.34,722,671,0.9294
kitti_mini,000049,7,Car,0.5,10.4,259.17,571,565,0.9895
kitti_mini,000049,8,Car,0.5,15.44,132.08,432,426,0.9861
kitti_mini,000049,9,Car,0.5,20.64,96.61,198,195,0.9848
kitti_mini,000049,10,Pedestrian,0.5,32.79,16.33,42,24,0.5714
kitti_mini,000049,11,Car,0.5,33.25,105.51,74,74,1.0
kitti_mini,000049,12,Car,0.5,14.42,252.92,437,437,1.0
kitti_mini,000049,13,Car,0.5,19.02,147.85,312,312,1.0
kitti_mini,000049,14,Car,0.5,35.67,35.81,2,2,1.0
kitti_mini,000049,15,Car,0.5,23.2,91.56,8,8,1.0
kitti_mini,000049,16,Van,0.5,35.57,159.26,261,250,0.9579
kitti_mini,000049,17,Car,0.5,22.38,111.64,48,48,1.0
kitti_mini,000049,0,Car,1,21.55,61.81,206,165,0.801
kitti_mini,000049,1,Car,1,14.35,189.74,930,903,0.971
kitti_mini,000049,2,Car,1,22.29,104.68,140,140,1.0
kitti_mini,000049,3,Car,1,25.2,101.88,79,79,1.0
kitti_mini,000049,4,Car,1,32.78,82.52,18,18,1.0
kitti_mini,000049,5,Van,1,45.86,70.52,79,76,0.962
kitti_mini,000049,6,Pedestrian,1,5.46,144.34,723,649,0.8976
kitti_mini,000049,7,Car,1,10.4,259.17,571,543,0.951
kitti_mini,000049,8,Car,1,15.44,132.08,432,406,0.9398
kitti_mini,000049,9,Car,1,20.64,96.61,198,167,0.8434
kitti_mini,000049,10,Pedestrian,1,32.79,16.33,42,2,0.0476
kitti_mini,000049,11,Car,1,33.25,105.51,74,74,1.0
kitti_mini,000049,12,Car,1,14.42,252.92,437,437,1.0
kitti_mini,000049,13,Car,1,19.02,147.85,312,312,1.0
kitti_mini,000049,14,Car,1,35.67,35.81,2,2,1.0
kitti_mini,000049,15,Car,1,23.2,91.56,8,8,1.0
kitti_mini,000049,16,Van,1,35.57,159.26,261,235,0.9004
kitti_mini,000049,17,Car,1,22.38,111.64,41,41,1.0
kitti_mini,000049,0,Car,2,21.55,61.81,206,116,0.5631
kitti_mini,000049,1,Car,2,14.35,189.74,930,854,0.9183
kitti_mini,000049,2,Car,2,22.29,104.68,140,140,1.0
kitti_mini,000049,3,Car,2,25.2,101.88,79,79,1.0
kitti_mini,000049,4,Car,2,32.78,82.52,18,18,1.0
kitti_mini,000049,5,Van,2,45.86,70.52,79,69,0.8734
kitti_mini,000049,6,Pedestrian,2,5.46,144.34,723,561,0.7759
kitti_mini,000049,7,Car,2,10.4,259.17,571,495,0.8669
kitti_mini,000049,8,Car,2,15.44,132.08,432,359,0.831
kitti_mini,000049,9,Car,2,20.64,96.61,198,102,0.5152
kitti_mini,000049,10,Pedestrian,2,32.79,16.33,42,0,0.0
kitti_mini,000049,11,Car,2,33.25,105.51,74,73,0.9865
kitti_mini,000049,12,Car,2,14.42,252.92,421,421,1.0
kitti_mini,000049,13,Car,2,19.02,147.85,312,311,0.9968
kitti_mini,000049,14,Car,2,35.67,35.81,2,2,1.0
kitti_mini,000049,15,Car,2,23.2,91.56,8,8,1.0
kitti_mini,000049,16,Van,2,35.57,159.26,261,199,0.7625
kitti_mini,000049,17,Car,2,22.38,111.64,20,20,1.0
kitti_mini,000049,0,Car,3,21.55,61.81,206,74,0.3592
kitti_mini,000049,1,Car,3,14.35,189.74,930,797,0.857
kitti_mini,000049,2,Car,3,22.29,104.68,140,138,0.9857
kitti_mini,000049,3,Car,3,25.2,101.88,79,76,0.962
kitti_mini,000049,4,Car,3,32.78,82.52,18,18,1.0
kitti_mini,000049,5,Van,3,45.86,70.52,79,59,0.7468
kitti_mini,000049,6,Pedestrian,3,5.46,144.34,723,436,0.603
kitti_mini,000049,7,Car,3,10.4,259.17,571,464,0.8126
kitti_mini,000049,8,Car,3,15.44,132.08,432,298,0.6898
kitti_mini,000049,9,Car,3,20.64,96.61,198,38,0.1919
kitti_mini,000049,10,Pedestrian,3,32.79,16.33,42,0,0.0
kitti_mini,000049,11,Car,3,33.25,105.51,74,62,0.8378
kitti_mini,000049,12,Car,3,14.42,252.92,385,385,1.0
kitti_mini,000049,13,Car,3,19.02,147.85,312,292,0.9359
kitti_mini,000049,14,Car,3,35.67,35.81,2,0,0.0
kitti_mini,000049,15,Car,3,23.2,91.56,8,7,0.875
kitti_mini,000049,16,Van,3,35.57,159.26,261,168,0.6437
kitti_mini,000049,17,Car,3,22.38,111.64,10,10,1.0
